{
    "regression_window": 79,
    "entry_z_score": 1.9827451877131854,
    "exit_z_score": -0.14951875191643782,
    "stop_loss_z_score": 3.3309970130195627,
    "max_holding_period": 88
}